http://www.limeroad.com/women-bags,,,1044,,/women-bags
http://www.limeroad.com/women-bags/back_packs,http://www.limeroad.com/women-bags/backpacks,,,,
http://www.limeroad.com/women-bags/back_packs,,,,Yes,
http://www.limeroad.com/women-bags/backpacks,,,1045,,/women-backpacks
http://www.limeroad.com/women-bags/clutches,,,1046,,/women-clutches
http://www.limeroad.com/women-bags/handbags,http://www.limeroad.com/women-bags/handbags-purses,,,,
http://www.limeroad.com/women-bags/handbags,,,,Yes,
http://www.limeroad.com/women-bags/handbags-purses,,,1047,,/women-handbags-purses
http://www.limeroad.com/women-bags/large-oversize-bags,http://www.limeroad.com/women-bags/handbags-purses,,,,
http://www.limeroad.com/women-bags/large-oversize-bags,,,,Yes,
http://www.limeroad.com/women-bags/purses,http://www.limeroad.com/women-bags/handbags-purses,,,,
http://www.limeroad.com/women-bags/purses,,,,Yes,
http://www.limeroad.com/women-bags/satchels-laptop_bags,http://www.limeroad.com/women-bags/satchels-laptop-bags,,,,
http://www.limeroad.com/women-bags/satchels-laptop_bags,,,,Yes,
http://www.limeroad.com/women-bags/satchels-laptop-bags,,,1048,,/women-satchels-laptop-bags
http://www.limeroad.com/women-bags/small-leather-goods,http://www.limeroad.com/women-bags/wallets-pouches,,,,
http://www.limeroad.com/women-bags/small-leather-goods,,,,Yes,
http://www.limeroad.com/women-bags/wallets,http://www.limeroad.com/women-bags/wallets-pouches,,,,
http://www.limeroad.com/women-bags/wallets,,,,Yes,
http://www.limeroad.com/women-bags/wallets-pouches,,,1049,,/women-wallets-pouches