http://www.limeroad.com/home-furnishings/bath,http://www.limeroad.com/home/bed-bath/bath,,,,,
http://www.limeroad.com/home-furnishings/bath,,,,Yes,,
http://www.limeroad.com/home-furnishings/bath/accessories,http://www.limeroad.com/home/bed-bath/bathroom-accessories/accessories,,,,,
http://www.limeroad.com/home-furnishings/bath/accessories,,,,Yes,,
http://www.limeroad.com/home-furnishings/bath/bath-towels,,,1164,,,151
http://www.limeroad.com/home-furnishings/bath/bath-towels,,,,Yes,,
http://www.limeroad.com/home-furnishings/bath/mats,http://www.limeroad.com/home/bed-bath/bath-linen/bath-mats,,,,,
http://www.limeroad.com/home-furnishings/bath/mats,,,,Yes,,
http://www.limeroad.com/home-furnishings/bath/shower-curtains,http://www.limeroad.com/home/bed-bath/bath-linen/shower-curtains,,,,,
http://www.limeroad.com/home-furnishings/bath/shower-curtains,,,,Yes,,
http://www.limeroad.com/home-furnishings/bathroom,,,"Old category - Serving from redis cache!",,,8274
http://www.limeroad.com/home-furnishings/bathroom,,,,Yes,,
http://www.limeroad.com/home-furnishings/bathroom/bath-mats,,,"Old category - Serving from redis cache!",,,8274
http://www.limeroad.com/home-furnishings/bathroom/bath-mats,,,,Yes,,
http://www.limeroad.com/home-furnishings/bathroom/bath-towels,,,"Old category - Serving from redis cache!",,,8274
http://www.limeroad.com/home-furnishings/bathroom/bath-towels,,,,Yes,,
http://www.limeroad.com/home-furnishings/bathroom/bathrobes,,,"Old category - Serving from redis cache!",,,8274
http://www.limeroad.com/home-furnishings/bathroom/bathrobes,,,,Yes,,
http://www.limeroad.com/home-furnishings/bathroom/bathroom-accessories,,,"Old category - Serving from redis cache!",,,8274
http://www.limeroad.com/home-furnishings/bathroom/bathroom-accessories,,,,Yes,,
http://www.limeroad.com/home-furnishings/bathroom/mirrors,,,"Old category - Serving from redis cache!",,,8274
http://www.limeroad.com/home-furnishings/bathroom/mirrors,,,,Yes,,
http://www.limeroad.com/home-furnishings/bathroom/shower-curtains,,,"Old category - Serving from redis cache!",,,8274
http://www.limeroad.com/home-furnishings/bathroom/shower-curtains,,,,Yes,,
http://www.limeroad.com/home-furnishings/bathroom/weighing-scales,,,"Old category - Serving from redis cache!",,,8274
http://www.limeroad.com/home-furnishings/bathroom/weighing-scales,,,,Yes,,
http://www.limeroad.com/home-furnishings/bedroom,,,1167,,,74
http://www.limeroad.com/home-furnishings/bedroom,,,,Yes,,
http://www.limeroad.com/home-furnishings/bedroom/bed-linen,,,1168,,,0
http://www.limeroad.com/home-furnishings/bedroom/bed-linen,,,,Yes,,
http://www.limeroad.com/home-furnishings/bedroom/bed-linen/bed-sheets,,,1169,,,8
http://www.limeroad.com/home-furnishings/bedroom/bed-linen/pillows,http://www.limeroad.com/home/bed-bath/bedding/pillows-inserts/bed-pillows,,,,,
http://www.limeroad.com/home-furnishings/bedroom/bed-linen/quilts-throws,http://www.limeroad.com/home/bed-bath/bedding/quilts-blankets/winter-quilts-blankets,,,,,
http://www.limeroad.com/home-furnishings/bedroom/bed-linen/quilts-throws,,,,Yes,,
http://www.limeroad.com/home-furnishings/dining-kitchen,http://www.limeroad.com/home/kitchen-dining,,,,,
http://www.limeroad.com/home-furnishings/dining-kitchen,,,,Yes,,
http://www.limeroad.com/home-furnishings/dining-kitchen/barware,,,1173,,,37
http://www.limeroad.com/home-furnishings/dining-kitchen/barware,,,,Yes,,
http://www.limeroad.com/home-furnishings/dining-kitchen/cookware,,,1174,,,38
http://www.limeroad.com/home-furnishings/dining-kitchen/cookware,,,,Yes,,
http://www.limeroad.com/home-furnishings/dining-kitchen/cutlery,,,1175,,,110
http://www.limeroad.com/home-furnishings/dining-kitchen/cutlery,,,,Yes,,
http://www.limeroad.com/home-furnishings/dining-kitchen/cutlery-crockery,,,"Old category - Serving from redis cache!",,,8274
http://www.limeroad.com/home-furnishings/dining-kitchen/cutlery-crockery,,,,Yes,,
http://www.limeroad.com/home-furnishings/dining-kitchen/dinner-sets,http://www.limeroad.com/home/kitchen-dining/tableware/dinner-sets,,,,,
http://www.limeroad.com/home-furnishings/dining-kitchen/dinner-sets,,,,Yes,,
http://www.limeroad.com/home-furnishings/dining-kitchen/dinnerware,,,"Old category - Serving from redis cache!",,,8274
http://www.limeroad.com/home-furnishings/dining-kitchen/dinnerware,,,,Yes,,
http://www.limeroad.com/home-furnishings/dining-kitchen/glasses,,,1177,,,13
http://www.limeroad.com/home-furnishings/dining-kitchen/glasses,,,,Yes,,
http://www.limeroad.com/home-furnishings/dining-kitchen/glassware,,,"Old category - Serving from redis cache!",,,8274
http://www.limeroad.com/home-furnishings/dining-kitchen/glassware,,,,Yes,,
http://www.limeroad.com/home-furnishings/dining-kitchen/home-appliances,,,"Old category - Serving from redis cache!",,,8274
http://www.limeroad.com/home-furnishings/dining-kitchen/home-appliances,,,,Yes,,
http://www.limeroad.com/home-furnishings/dining-kitchen/kitchen-accessories,http://www.limeroad.com/home/kitchen-dining/kitchen-accessories,,,,,
http://www.limeroad.com/home-furnishings/dining-kitchen/kitchen-accessories,,,,Yes,,
http://www.limeroad.com/home-furnishings/dining-kitchen/kitchen-decor,,,"Old category - Serving from redis cache!",,,8274
http://www.limeroad.com/home-furnishings/dining-kitchen/kitchen-decor,,,,Yes,,
http://www.limeroad.com/home-furnishings/dining-kitchen/mugs-tea-sets,http://www.limeroad.com/home/kitchen-dining/coffee-tea/coffee-tea-sets,,,,,
http://www.limeroad.com/home-furnishings/dining-kitchen/mugs-tea-sets,,,,Yes,,
http://www.limeroad.com/home-furnishings/dining-kitchen/serveware,,,1180,,,0
http://www.limeroad.com/home-furnishings/dining-kitchen/serveware,,,,Yes,,
http://www.limeroad.com/home-furnishings/dining-kitchen/serveware/bowls,http://www.limeroad.com/home/kitchen-dining/tableware/loose-dinnerware/bowls,,,,,
http://www.limeroad.com/home-furnishings/dining-kitchen/serveware/bowls,,,,Yes,,
http://www.limeroad.com/home-furnishings/dining-kitchen/serveware/platters,http://www.limeroad.com/home/kitchen-dining/tableware/serving-platters,,,,,
http://www.limeroad.com/home-furnishings/dining-kitchen/serveware/platters,,,,Yes,,
http://www.limeroad.com/home-furnishings/dining-kitchen/serveware/trays,http://www.limeroad.com/home/kitchen-dining/tableware/trays,,,,,
http://www.limeroad.com/home-furnishings/dining-kitchen/serveware/trays,,,,Yes,,
http://www.limeroad.com/home-furnishings/dining-kitchen/storage,,,1184,,,107
http://www.limeroad.com/home-furnishings/dining-kitchen/storage,,,,Yes,,
http://www.limeroad.com/home-furnishings/dining-kitchen/table_linen-accessories,,,"Old category - Serving from redis cache!",,,8274
http://www.limeroad.com/home-furnishings/dining-kitchen/table_linen-accessories,,,,Yes,,
http://www.limeroad.com/home-furnishings/dining-kitchen/table-linen-accessories,,,1185,,,8274
http://www.limeroad.com/home-furnishings/dining-kitchen/table-linen-accessories/coasters,http://www.limeroad.com/home/kitchen-dining/tableware/coasters-trivets,,,,,
http://www.limeroad.com/home-furnishings/dining-kitchen/table-linen-accessories/napkin-rings,http://www.limeroad.com/home/kitchen-dining/table-linen/napkins,,,,,
http://www.limeroad.com/home-furnishings/dining-kitchen/table-linen-accessories/napkin-rings,,,,Yes,,
http://www.limeroad.com/home-furnishings/dining-kitchen/table-linen-accessories/table-covers,http://www.limeroad.com/home/kitchen-dining/table-linen/table-cloths,,,,,
http://www.limeroad.com/home-furnishings/dining-kitchen/table-linen-accessories/table-covers,,,,Yes,,
http://www.limeroad.com/home-furnishings/dining-kitchen/table-linen-accessories/table-mats,,,1189,,,8274
http://www.limeroad.com/home-furnishings/dining-kitchen/table-linen-accessories/table-napkins,http://www.limeroad.com/home/kitchen-dining/table-linen/placemats,,,,,
http://www.limeroad.com/home-furnishings/dining-kitchen/table-linen-accessories/table-napkins,,,,Yes,,
http://www.limeroad.com/home-furnishings/dining-kitchen/table-linen-accessories/table-runners,http://www.limeroad.com/home/kitchen-dining/table-linen/table-runners,,,,,
http://www.limeroad.com/home-furnishings/dining-kitchen/table-linen-accessories/table-runners,,,,Yes,,
http://www.limeroad.com/home-furnishings/dining-kitchen/tea-sets,,,"Old category - Serving from redis cache!",,,8274
http://www.limeroad.com/home-furnishings/dining-kitchen/tea-sets,,,,Yes,,
http://www.limeroad.com/home-furnishings/kids-room,,,1192,,,161
http://www.limeroad.com/home-furnishings/kids-room,,,,Yes,,
http://www.limeroad.com/home-furnishings/kids-room/beanbags,,,"Old category - Serving from redis cache!",,,8274
http://www.limeroad.com/home-furnishings/kids-room/beanbags,,,,Yes,,
http://www.limeroad.com/home-furnishings/kids-room/bed-linen,,,1193,,,33
http://www.limeroad.com/home-furnishings/kids-room/clocks,,,"Old category - Serving from redis cache!",,,8274
http://www.limeroad.com/home-furnishings/kids-room/clocks,,,,Yes,,
http://www.limeroad.com/home-furnishings/kids-room/curtains,,,1194,,,0
http://www.limeroad.com/home-furnishings/kids-room/curtains,,,,Yes,,
http://www.limeroad.com/home-furnishings/kids-room/cushions,,,1195,,,49
http://www.limeroad.com/home-furnishings/kids-room/cushions,,,,Yes,,
http://www.limeroad.com/home-furnishings/kids-room/decor,,,1196,,,45
http://www.limeroad.com/home-furnishings/kids-room/lightings,,,"Old category - Serving from redis cache!",,,8274
http://www.limeroad.com/home-furnishings/kids-room/lightings,,,,Yes,,
http://www.limeroad.com/home-furnishings/kids-room/pictures-frames,,,"Old category - Serving from redis cache!",,,8274
http://www.limeroad.com/home-furnishings/kids-room/pictures-frames,,,,Yes,,
http://www.limeroad.com/home-furnishings/kids-room/quilts-throws,,,"Old category - Serving from redis cache!",,,8274
http://www.limeroad.com/home-furnishings/kids-room/quilts-throws,,,,Yes,,
http://www.limeroad.com/home-furnishings/kids-room/rugs,,,"Old category - Serving from redis cache!",,,8274
http://www.limeroad.com/home-furnishings/kids-room/rugs,,,,Yes,,
http://www.limeroad.com/home-furnishings/kids-room/soft-furnishings,,,"Old category - Serving from redis cache!",,,8274
http://www.limeroad.com/home-furnishings/kids-room/soft-furnishings,,,,Yes,,
http://www.limeroad.com/home-furnishings/living_room-bedroom,,,"Old category - Serving from redis cache!",,,8274
http://www.limeroad.com/home-furnishings/living_room-bedroom,,,,Yes,,
http://www.limeroad.com/home-furnishings/living_room-bedroom/art,,,"Old category - Serving from redis cache!",,,8274
http://www.limeroad.com/home-furnishings/living_room-bedroom/bean-bags,,,"Old category - Serving from redis cache!",,,8274
http://www.limeroad.com/home-furnishings/living_room-bedroom/bean-bags,,,,Yes,,
http://www.limeroad.com/home-furnishings/living_room-bedroom/blinds,,,"Old category - Serving from redis cache!",,,8274
http://www.limeroad.com/home-furnishings/living_room-bedroom/blinds,,,,Yes,,
http://www.limeroad.com/home-furnishings/living_room-bedroom/clocks,,,"Old category - Serving from redis cache!",,,8274
http://www.limeroad.com/home-furnishings/living_room-bedroom/clocks,,,,Yes,,
http://www.limeroad.com/home-furnishings/living_room-bedroom/curtains-rods,,,"Old category - Serving from redis cache!",,,8274
http://www.limeroad.com/home-furnishings/living_room-bedroom/curtains-rods,,,,Yes,,
http://www.limeroad.com/home-furnishings/living_room-bedroom/cushions,,,"Old category - Serving from redis cache!",,,8274
http://www.limeroad.com/home-furnishings/living_room-bedroom/cushions,,,,Yes,,
http://www.limeroad.com/home-furnishings/living_room-bedroom/home-decor,,,"Old category - Serving from redis cache!",,,8274
http://www.limeroad.com/home-furnishings/living_room-bedroom/home-decor,,,,Yes,,
http://www.limeroad.com/home-furnishings/living_room-bedroom/lightings,,,"Old category - Serving from redis cache!",,,8274
http://www.limeroad.com/home-furnishings/living_room-bedroom/lightings,,,,Yes,,
http://www.limeroad.com/home-furnishings/living_room-bedroom/mirrors,,,"Old category - Serving from redis cache!",,,8274
http://www.limeroad.com/home-furnishings/living_room-bedroom/mirrors,,,,Yes,,
http://www.limeroad.com/home-furnishings/living_room-bedroom/quilts-throws,,,"Old category - Serving from redis cache!",,,8274
http://www.limeroad.com/home-furnishings/living_room-bedroom/quilts-throws,,,,Yes,,
http://www.limeroad.com/home-furnishings/living_room-bedroom/rugs-carpets,,,"Old category - Serving from redis cache!",,,8274
http://www.limeroad.com/home-furnishings/living_room-bedroom/rugs-carpets,,,,Yes,,
http://www.limeroad.com/home-furnishings/living_room-bedroom/soft-furnishings,,,"Old category - Serving from redis cache!",,,8274
http://www.limeroad.com/home-furnishings/living_room-bedroom/soft-furnishings,,,,Yes,,
http://www.limeroad.com/home-furnishings/living_room-bedroom/wallpaper,,,"Old category - Serving from redis cache!",,,8274
http://www.limeroad.com/home-furnishings/living_room-bedroom/wallpaper,,,,Yes,,
http://www.limeroad.com/home-furnishings/living-home-decor,http://www.limeroad.com/home/decor,,,,,
http://www.limeroad.com/home-furnishings/living-home-decor,,,,Yes,,
http://www.limeroad.com/home-furnishings/living-home-decor/accessories,,,1198,,,14
http://www.limeroad.com/home-furnishings/living-home-decor/accessories,,,,Yes,,
http://www.limeroad.com/home-furnishings/living-home-decor/art,,,1199,,,6
http://www.limeroad.com/home-furnishings/living-home-decor/candles-poutporri,http://www.limeroad.com/home/decor/candles-fragrances/home-fragrances/potpourri,,,,,
http://www.limeroad.com/home-furnishings/living-home-decor/candles-poutporri,,,,Yes,,
http://www.limeroad.com/home-furnishings/living-home-decor/clocks,,,1201,,,1242
http://www.limeroad.com/home-furnishings/living-home-decor/clocks,,,,Yes,,
http://www.limeroad.com/home-furnishings/living-home-decor/curtains,http://www.limeroad.com/home/decor/curtains-accessories/curtain-accessories,,,,,
http://www.limeroad.com/home-furnishings/living-home-decor/curtains,,,,Yes,,
http://www.limeroad.com/home-furnishings/living-home-decor/cushions,,,1203,,,1492
http://www.limeroad.com/home-furnishings/living-home-decor/cushions,,,,Yes,,
http://www.limeroad.com/home-furnishings/living-home-decor/lightings,,,1204,,,124
http://www.limeroad.com/home-furnishings/living-home-decor/lightings,,,,Yes,,
http://www.limeroad.com/home-furnishings/living-home-decor/rugs-carpets,,,1205,,,142
http://www.limeroad.com/home-furnishings/living-home-decor/rugs-carpets,,,,Yes,,
http://www.limeroad.com/home-furnishings/living-home-decor/small-furniture,,,1206,,,17
http://www.limeroad.com/home-furnishings/living-home-decor/small-furniture,,,,Yes,,
http://www.limeroad.com/home-furnishings/living-home-decor/table-decor,,,1207,,,9
http://www.limeroad.com/home-furnishings/living-home-decor/table-decor,,,,Yes,,
http://www.limeroad.com/home-furnishings/living-home-decor/wall-decor,,,1208,,,0
http://www.limeroad.com/home-furnishings/living-home-decor/wall-decor,,,,Yes,,
http://www.limeroad.com/home-furnishings/outdoor,,,1209,,,0
http://www.limeroad.com/home-furnishings/outdoor,,,,Yes,,
http://www.limeroad.com/home-furnishings/outdoor/garden-accessories,,,1210,,,36
http://www.limeroad.com/home-furnishings/outdoor/garden-accessories,,,,Yes,,
http://www.limeroad.com/home-furnishings/outdoor/garden-furniture,,,1211,,,0
http://www.limeroad.com/home-furnishings/outdoor/garden-furniture,,,,Yes,,
http://www.limeroad.com/home-furnishings/work-nook,,,1212,,,5565
http://www.limeroad.com/home-furnishings/work-nook,,,,Yes,,
http://www.limeroad.com/home-furnishings/work-nook/diaries-organisers,,,1213,,,5565
http://www.limeroad.com/home-furnishings/work-nook/diaries-organisers,,,,Yes,,
http://www.limeroad.com/home-furnishings/work-nook/stationery,,,1214,,,5565
http://www.limeroad.com/home-furnishings/work-nook/stationery,,,,Yes,,
http://www.limeroad.com/home-furnishings/work-nook/writing-instruments-pens-pencils,,,1215,,,5565
http://www.limeroad.com/home-furnishings/work-nook/writing-instruments-pens-pencils,,,,Yes,,
http://www.limeroad.com/home/bed-bath,,,11201101,,,455
http://www.limeroad.com/home/bed-bath/bath,,,11201117,,,0
http://www.limeroad.com/home/bed-bath/bath-linen,,,11201118,,,289
http://www.limeroad.com/home/bed-bath/bath-linen/bath-mats,,,11201125,,,85
http://www.limeroad.com/home/bed-bath/bath-linen/bath-robes,,,11201124,,,0
http://www.limeroad.com/home/bed-bath/bath-linen/shower-curtains,,,11201126,,,53
http://www.limeroad.com/home/bed-bath/bath-linen/towels,,,11201119,,,151
http://www.limeroad.com/home/bed-bath/bath-linen/towels/bath-towels,,,11201121,,,0
http://www.limeroad.com/home/bed-bath/bath-linen/towels/face-towels,,,11201123,,,151
http://www.limeroad.com/home/bed-bath/bath-linen/towels/hand-towels,,,11201122,,,0
http://www.limeroad.com/home/bed-bath/bath-linen/towels/towel-sets,,,11201120,,,0
http://www.limeroad.com/home/bed-bath/bathroom-accessories,,,11201127,,,92
http://www.limeroad.com/home/bed-bath/bathroom-accessories/accessories,,,11201133,,,92
http://www.limeroad.com/home/bed-bath/bathroom-accessories/bathroom-sets,,,11201132,,,0
http://www.limeroad.com/home/bed-bath/bathroom-accessories/laundry,,,11201128,,,0
http://www.limeroad.com/home/bed-bath/bathroom-accessories/laundry/cloth-dryers,,,11201130,,,0
http://www.limeroad.com/home/bed-bath/bathroom-accessories/laundry/ironing-boards,,,11201131,,,0
http://www.limeroad.com/home/bed-bath/bathroom-accessories/laundry/laundry-baskets,,,11201129,,,0
http://www.limeroad.com/home/bed-bath/bedding,,,11201102,,,74
http://www.limeroad.com/home/bed-bath/bedding/bed-covers,,,11201113,,,8
http://www.limeroad.com/home/bed-bath/bedding/bed-in-a-bag,,,11201116,,,4
http://www.limeroad.com/home/bed-bath/bedding/bed-sheet-sets,,,11201103,,,9
http://www.limeroad.com/home/bed-bath/bedding/bed-sheet-sets/double-size,,,11201105,,,1
http://www.limeroad.com/home/bed-bath/bedding/bed-sheet-sets/king-size-california-king,,,11201104,,,0
http://www.limeroad.com/home/bed-bath/bedding/bed-sheet-sets/single-sheet,,,11201106,,,8
http://www.limeroad.com/home/bed-bath/bedding/comforters,,,11201108,,,0
http://www.limeroad.com/home/bed-bath/bedding/diwan-sets,,,11201109,,,0
http://www.limeroad.com/home/bed-bath/bedding/duvet-covers,,,11201107,,,0
http://www.limeroad.com/home/bed-bath/bedding/pillows-inserts,,,11201114,,,37
http://www.limeroad.com/home/bed-bath/bedding/pillows-inserts/bed-pillows,,,11201115,,,37
http://www.limeroad.com/home/bed-bath/bedding/quilts-blankets,,,11201110,,,16
http://www.limeroad.com/home/bed-bath/bedding/quilts-blankets/ac-quilts-blankets,,,11201111,,,0
http://www.limeroad.com/home/bed-bath/bedding/quilts-blankets/winter-quilts-blankets,,,11201112,,,16
http://www.limeroad.com/home/bed-bath/mattresses,,,11201134,,,0
http://www.limeroad.com/home/bed-bath/mattresses/mattress-protector,,,11201387,,,0
http://www.limeroad.com/home/bed-bath/mattresses/mattress-topper,,,11201388,,,0
http://www.limeroad.com/home/bed-linen/bed-cover,,,11201093,,,8274
http://www.limeroad.com/home/bed-linen/bed-cover,,,,Yes,,
http://www.limeroad.com/home/bed-linen/comforters-more/comforters,,,11201096,,,8274
http://www.limeroad.com/home/bed-linen/comforters-more/comforters,,,,Yes,,
http://www.limeroad.com/home/bed-linen/comforters-more/dohars,,,11201098,,,8274
http://www.limeroad.com/home/bed-linen/comforters-more/dohars,,,,Yes,,
http://www.limeroad.com/home/bed-linen/comforters-more/duvet-covers,,,11201099,,,8274
http://www.limeroad.com/home/bed-linen/comforters-more/duvet-covers,,,,Yes,,
http://www.limeroad.com/home/bed-linen/comforters-more/quilts,,,11201097,,,8274
http://www.limeroad.com/home/bed-linen/comforters-more/quilts,,,,Yes,,
http://www.limeroad.com/home/bed-linen/comforters-more/throws,,,11201100,,,8274
http://www.limeroad.com/home/bed-linen/comforters-more/throws,,,,Yes,,
http://www.limeroad.com/home/bedroom/bed-sheets,,,11201071,,,8274
http://www.limeroad.com/home/bedroom/bed-sheets,,,,Yes,,
http://www.limeroad.com/home/bedroom/pillows,,,11201073,,,8274
http://www.limeroad.com/home/bedroom/pillows,,,,Yes,,
http://www.limeroad.com/home/bedroom/quilts-throws-dohars,,,11201072,,,8274
http://www.limeroad.com/home/bedroom/quilts-throws-dohars,,,,Yes,,
http://www.limeroad.com/home/decor,,,11201135,,,5565
http://www.limeroad.com/home/decor/candles-fragrances,,,11201184,,,0
http://www.limeroad.com/home/decor/candles-fragrances/candle-holders,,,11201185,,,0
http://www.limeroad.com/home/decor/candles-fragrances/candle-holders/candle-bases,,,11201191,,,0
http://www.limeroad.com/home/decor/candles-fragrances/candle-holders/candle-stands,,,11201187,,,0
http://www.limeroad.com/home/decor/candles-fragrances/candle-holders/hurricanes,,,11201189,,,0
http://www.limeroad.com/home/decor/candles-fragrances/candle-holders/lanterns,,,11201186,,,0
http://www.limeroad.com/home/decor/candles-fragrances/candle-holders/votives-jars,,,11201188,,,0
http://www.limeroad.com/home/decor/candles-fragrances/candle-holders/wall-sconces,,,11201190,,,0
http://www.limeroad.com/home/decor/candles-fragrances/candles,,,11201192,,,0
http://www.limeroad.com/home/decor/candles-fragrances/candles/designer-candles,,,11201196,,,0
http://www.limeroad.com/home/decor/candles-fragrances/candles/pillar-candles,,,11201193,,,0
http://www.limeroad.com/home/decor/candles-fragrances/candles/taper-candles,,,11201194,,,0
http://www.limeroad.com/home/decor/candles-fragrances/candles/tea-light-candles,,,11201195,,,0
http://www.limeroad.com/home/decor/candles-fragrances/home-fragrances,,,11201197,,,0
http://www.limeroad.com/home/decor/candles-fragrances/home-fragrances/aroma-oils-burners,,,11201200,,,0
http://www.limeroad.com/home/decor/candles-fragrances/home-fragrances/incense-holders,,,11201201,,,0
http://www.limeroad.com/home/decor/candles-fragrances/home-fragrances/potpourri,,,11201202,,,0
http://www.limeroad.com/home/decor/candles-fragrances/home-fragrances/reed-diffusers,,,11201198,,,0
http://www.limeroad.com/home/decor/candles-fragrances/home-fragrances/room-freshners,,,11201199,,,0
http://www.limeroad.com/home/decor/clocks,,,11201161,,,1242
http://www.limeroad.com/home/decor/clocks/alarm-clocks,,,11201164,,,1242
http://www.limeroad.com/home/decor/clocks/table-clocks,,,11201163,,,0
http://www.limeroad.com/home/decor/clocks/wall-clocks,,,11201162,,,0
http://www.limeroad.com/home/decor/curtains-accessories,,,11201136,,,17
http://www.limeroad.com/home/decor/curtains-accessories/curtain-accessories,,,11201140,,,1
http://www.limeroad.com/home/decor/curtains-accessories/curtain-rods,,,11201143,,,0
http://www.limeroad.com/home/decor/curtains-accessories/door-curtains,,,11201138,,,5
http://www.limeroad.com/home/decor/curtains-accessories/long-door-curtains,,,11201139,,,0
http://www.limeroad.com/home/decor/curtains-accessories/sheer-curtains,,,11201141,,,0
http://www.limeroad.com/home/decor/curtains-accessories/tiebacks,,,11201142,,,0
http://www.limeroad.com/home/decor/curtains-accessories/window-curtains,,,11201137,,,11
http://www.limeroad.com/home/decor/cushions-throws,,,11201144,,,1524
http://www.limeroad.com/home/decor/cushions-throws/cushion-covers,,,11201145,,,1508
http://www.limeroad.com/home/decor/cushions-throws/cushion-covers/exclusive-cushion-covers,,,11201149,,,1492
http://www.limeroad.com/home/decor/cushions-throws/cushion-covers/set-of-2-cushion-covers,,,11201147,,,0
http://www.limeroad.com/home/decor/cushions-throws/cushion-covers/set-of-5-cushion-covers,,,11201148,,,0
http://www.limeroad.com/home/decor/cushions-throws/cushion-covers/single-cushion-cover,,,11201146,,,16
http://www.limeroad.com/home/decor/cushions-throws/cushion-inserts,,,11201150,,,0
http://www.limeroad.com/home/decor/cushions-throws/filled-cushions,,,11201151,,,16
http://www.limeroad.com/home/decor/cushions-throws/throws,,,11201152,,,0
http://www.limeroad.com/home/decor/furniture,,,11201398,,,17
http://www.limeroad.com/home/decor/garden-patio,,,11201222,,,36
http://www.limeroad.com/home/decor/garden-patio/fountains,,,11201228,,,0
http://www.limeroad.com/home/decor/garden-patio/garden-decor,,,11201226,,,0
http://www.limeroad.com/home/decor/garden-patio/natural-plants,,,11201227,,,0
http://www.limeroad.com/home/decor/garden-patio/pots-planters,,,11201224,,,0
http://www.limeroad.com/home/decor/garden-patio/watering-cans,,,11201225,,,36
http://www.limeroad.com/home/decor/garden-patio/windchimes,,,11201223,,,0
http://www.limeroad.com/home/decor/handicrafts,,,11201207,,,0
http://www.limeroad.com/home/decor/hardware,,,11201229,,,14
http://www.limeroad.com/home/decor/hardware/door-knockers,,,11201232,,,0
http://www.limeroad.com/home/decor/hardware/handles,,,11201233,,,0
http://www.limeroad.com/home/decor/hardware/hooks,,,11201231,,,0
http://www.limeroad.com/home/decor/hardware/knobs,,,11201230,,,14
http://www.limeroad.com/home/decor/home-accents,,,11201208,,,0
http://www.limeroad.com/home/decor/home-accents/artifacts,,,11201211,,,0
http://www.limeroad.com/home/decor/home-accents/decorative-trays-bowls,,,11201214,,,0
http://www.limeroad.com/home/decor/home-accents/desk-accessories,,,11201215,,,0
http://www.limeroad.com/home/decor/home-accents/games,,,11201210,,,0
http://www.limeroad.com/home/decor/home-accents/knick-knacks,,,11201212,,,0
http://www.limeroad.com/home/decor/home-accents/rakhis,,,11201209,,,0
http://www.limeroad.com/home/decor/home-accents/statues-sculptures,,,11201213,,,0
http://www.limeroad.com/home/decor/lighting,,,11201389,,,124
http://www.limeroad.com/home/decor/lighting/ceiling-lights,,,11201395,,,124
http://www.limeroad.com/home/decor/lighting/floor-lamps,,,11201393,,,0
http://www.limeroad.com/home/decor/lighting/outdoor-lights,,,11201394,,,0
http://www.limeroad.com/home/decor/lighting/string-lights,,,11201397,,,0
http://www.limeroad.com/home/decor/lighting/table-lamps,,,11201390,,,0
http://www.limeroad.com/home/decor/lighting/table-lamps/decorative,,,11201392,,,0
http://www.limeroad.com/home/decor/lighting/table-lamps/study,,,11201391,,,0
http://www.limeroad.com/home/decor/lighting/wall-lights,,,11201396,,,0
http://www.limeroad.com/home/decor/other-accessories,,,11201234,,,0
http://www.limeroad.com/home/decor/other-accessories/skins-mousepads,,,11201236,,,0
http://www.limeroad.com/home/decor/other-accessories/umbrellas,,,11201235,,,0
http://www.limeroad.com/home/decor/photo-frames-albums,,,11201183,,,0
http://www.limeroad.com/home/decor/religion-spirituality,,,11201216,,,0
http://www.limeroad.com/home/decor/religion-spirituality/buddha,,,11201217,,,0
http://www.limeroad.com/home/decor/religion-spirituality/feng-shui,,,11201218,,,0
http://www.limeroad.com/home/decor/religion-spirituality/figurines,,,11201220,,,0
http://www.limeroad.com/home/decor/religion-spirituality/mandirs,,,11201219,,,0
http://www.limeroad.com/home/decor/religion-spirituality/prayer-accessories,,,11201221,,,0
http://www.limeroad.com/home/decor/rugs-carpets,,,11201153,,,142
http://www.limeroad.com/home/decor/rugs-carpets/area-rugs,,,11201156,,,0
http://www.limeroad.com/home/decor/rugs-carpets/doormats,,,11201160,,,142
http://www.limeroad.com/home/decor/rugs-carpets/floor-runners,,,11201158,,,0
http://www.limeroad.com/home/decor/rugs-carpets/multipurpose-mats,,,11201154,,,0
http://www.limeroad.com/home/decor/rugs-carpets/outdoor-rugs,,,11201157,,,0
http://www.limeroad.com/home/decor/rugs-carpets/small-rugs,,,11201159,,,0
http://www.limeroad.com/home/decor/rugs-carpets/yoga-mats,,,11201155,,,0
http://www.limeroad.com/home/decor/vases-flowers,,,11201203,,,9
http://www.limeroad.com/home/decor/vases-flowers/flowers,,,11201204,,,0
http://www.limeroad.com/home/decor/vases-flowers/indoor-plants,,,11201206,,,9
http://www.limeroad.com/home/decor/vases-flowers/vases,,,11201205,,,0
http://www.limeroad.com/home/decor/wall-decor,,,11201165,,,6
http://www.limeroad.com/home/decor/wall-decor/decorative-mirrors,,,11201177,,,0
http://www.limeroad.com/home/decor/wall-decor/key-holders,,,11201179,,,0
http://www.limeroad.com/home/decor/wall-decor/paintings-prints,,,11201180,,,0
http://www.limeroad.com/home/decor/wall-decor/paintings-prints/paintings,,,11201181,,,0
http://www.limeroad.com/home/decor/wall-decor/paintings-prints/posters,,,11201182,,,0
http://www.limeroad.com/home/decor/wall-decor/wall-accents,,,11201176,,,0
http://www.limeroad.com/home/decor/wall-decor/wall-art,,,11201174,,,6
http://www.limeroad.com/home/decor/wall-decor/wall-art/wall-hanging,,,11201175,,,6
http://www.limeroad.com/home/decor/wall-decor/wall-decals-stickers,,,11201178,,,0
http://www.limeroad.com/home/decor/wall-decor/wall-papers,,,11201166,,,0
http://www.limeroad.com/home/decor/wall-decor/wall-papers/abstract,,,11201169,,,0
http://www.limeroad.com/home/decor/wall-decor/wall-papers/classic,,,11201170,,,0
http://www.limeroad.com/home/decor/wall-decor/wall-papers/contemporary,,,11201171,,,0
http://www.limeroad.com/home/decor/wall-decor/wall-papers/floral,,,11201173,,,0
http://www.limeroad.com/home/decor/wall-decor/wall-papers/geometric,,,11201168,,,0
http://www.limeroad.com/home/decor/wall-decor/wall-papers/natural-faux,,,11201167,,,0
http://www.limeroad.com/home/decor/wall-decor/wall-papers/striped,,,11201172,,,0
http://www.limeroad.com/home/kids-room/accessories,,,1216,,,34
http://www.limeroad.com/home/kitchen-dining,,,11201269,,,1016
http://www.limeroad.com/home/kitchen-dining/bakeware,,,11201293,,,0
http://www.limeroad.com/home/kitchen-dining/bakeware/baking-dishes,,,11201295,,,0
http://www.limeroad.com/home/kitchen-dining/bakeware/baking-tools,,,11201296,,,0
http://www.limeroad.com/home/kitchen-dining/bakeware/moulds,,,11201294,,,0
http://www.limeroad.com/home/kitchen-dining/bar-drinkware,,,11201297,,,50
http://www.limeroad.com/home/kitchen-dining/bar-drinkware/bar-glasses,,,11201304,,,0
http://www.limeroad.com/home/kitchen-dining/bar-drinkware/bar-glasses/beer-glasses,,,11201306,,,0
http://www.limeroad.com/home/kitchen-dining/bar-drinkware/bar-glasses/cocktail-glasses,,,11201308,,,0
http://www.limeroad.com/home/kitchen-dining/bar-drinkware/bar-glasses/shot-glasses,,,11201307,,,0
http://www.limeroad.com/home/kitchen-dining/bar-drinkware/bar-glasses/stemware,,,11201310,,,0
http://www.limeroad.com/home/kitchen-dining/bar-drinkware/bar-glasses/whisky-glasses,,,11201309,,,0
http://www.limeroad.com/home/kitchen-dining/bar-drinkware/bar-glasses/wine-champagne-glasses,,,11201305,,,0
http://www.limeroad.com/home/kitchen-dining/bar-drinkware/bar-tools,,,11201299,,,50
http://www.limeroad.com/home/kitchen-dining/bar-drinkware/bar-tools/bar-accessories,,,11201303,,,0
http://www.limeroad.com/home/kitchen-dining/bar-drinkware/bar-tools/bar-sets,,,11201300,,,13
http://www.limeroad.com/home/kitchen-dining/bar-drinkware/bar-tools/storage-buckets,,,11201301,,,37
http://www.limeroad.com/home/kitchen-dining/bar-drinkware/bar-tools/wine-racks,,,11201302,,,0
http://www.limeroad.com/home/kitchen-dining/bar-drinkware/drinking-sets,,,11201315,,,0
http://www.limeroad.com/home/kitchen-dining/bar-drinkware/everyday-glasses,,,11201298,,,0
http://www.limeroad.com/home/kitchen-dining/bar-drinkware/hookahs,,,11201313,,,0
http://www.limeroad.com/home/kitchen-dining/bar-drinkware/pitchers-decanters,,,11201311,,,0
http://www.limeroad.com/home/kitchen-dining/bar-drinkware/pitchers-decanters/decanters,,,11201312,,,0
http://www.limeroad.com/home/kitchen-dining/bar-drinkware/travel-mugs,,,11201314,,,0
http://www.limeroad.com/home/kitchen-dining/cleaning-household,,,11201384,,,0
http://www.limeroad.com/home/kitchen-dining/cleaning-household/cleaning,,,11201385,,,0
http://www.limeroad.com/home/kitchen-dining/cleaning-household/households,,,11201386,,,0
http://www.limeroad.com/home/kitchen-dining/coffee-tea,,,11201377,,,112
http://www.limeroad.com/home/kitchen-dining/coffee-tea/coffee-tea-accessories,,,11201378,,,0
http://www.limeroad.com/home/kitchen-dining/coffee-tea/coffee-tea-sets,,,11201379,,,112
http://www.limeroad.com/home/kitchen-dining/coffee-tea/cups,,,11201381,,,0
http://www.limeroad.com/home/kitchen-dining/coffee-tea/kettles,,,11201383,,,0
http://www.limeroad.com/home/kitchen-dining/coffee-tea/mugs,,,11201380,,,0
http://www.limeroad.com/home/kitchen-dining/coffee-tea/pots-creamers,,,11201382,,,0
http://www.limeroad.com/home/kitchen-dining/cooking-range,,,11201340,,,0
http://www.limeroad.com/home/kitchen-dining/cooktops-burners,,,11201317,,,0
http://www.limeroad.com/home/kitchen-dining/cooktops-burners/built-in-hobs,,,11201319,,,0
http://www.limeroad.com/home/kitchen-dining/cooktops-burners/glass-tops,,,11201320,,,0
http://www.limeroad.com/home/kitchen-dining/cooktops-burners/metal-tops,,,11201318,,,0
http://www.limeroad.com/home/kitchen-dining/cookware,,,11201279,,,38
http://www.limeroad.com/home/kitchen-dining/cookware/casseroles,,,11201286,,,0
http://www.limeroad.com/home/kitchen-dining/cookware/cookware-sets,,,11201283,,,0
http://www.limeroad.com/home/kitchen-dining/cookware/fondue-sets,,,11201284,,,0
http://www.limeroad.com/home/kitchen-dining/cookware/induction-cookware,,,11201281,,,0
http://www.limeroad.com/home/kitchen-dining/cookware/non-stick-cookware,,,11201282,,,0
http://www.limeroad.com/home/kitchen-dining/cookware/pots-pans,,,11201287,,,0
http://www.limeroad.com/home/kitchen-dining/cookware/pots-pans/fry-pans,,,11201289,,,0
http://www.limeroad.com/home/kitchen-dining/cookware/pots-pans/milk-coffee-pans,,,11201292,,,0
http://www.limeroad.com/home/kitchen-dining/cookware/pots-pans/sauce-saute-pans,,,11201291,,,0
http://www.limeroad.com/home/kitchen-dining/cookware/pots-pans/tawas,,,11201288,,,0
http://www.limeroad.com/home/kitchen-dining/cookware/pots-pans/wok-pans,,,11201290,,,0
http://www.limeroad.com/home/kitchen-dining/cookware/pressure-cookers,,,11201280,,,38
http://www.limeroad.com/home/kitchen-dining/cookware/steamers,,,11201285,,,0
http://www.limeroad.com/home/kitchen-dining/food,,,11201322,,,0
http://www.limeroad.com/home/kitchen-dining/glassware,,,11201321,,,0
http://www.limeroad.com/home/kitchen-dining/home-improvement,,,11201323,,,0
http://www.limeroad.com/home/kitchen-dining/kitchen-accessories,,,11201316,,,267
http://www.limeroad.com/home/kitchen-dining/kitchen-linen,,,11201270,,,0
http://www.limeroad.com/home/kitchen-dining/kitchen-storage,,,11201360,,,107
http://www.limeroad.com/home/kitchen-dining/kitchen-storage/bottles-jugs,,,11201369,,,0
http://www.limeroad.com/home/kitchen-dining/kitchen-storage/canisters-jars,,,11201370,,,0
http://www.limeroad.com/home/kitchen-dining/kitchen-storage/containers,,,11201365,,,0
http://www.limeroad.com/home/kitchen-dining/kitchen-storage/containers/airtight-storage,,,11201368,,,0
http://www.limeroad.com/home/kitchen-dining/kitchen-storage/containers/container-sets,,,11201366,,,0
http://www.limeroad.com/home/kitchen-dining/kitchen-storage/containers/lock-storage,,,11201367,,,0
http://www.limeroad.com/home/kitchen-dining/kitchen-storage/food-storage,,,11201371,,,0
http://www.limeroad.com/home/kitchen-dining/kitchen-storage/lunch-bags,,,11201364,,,0
http://www.limeroad.com/home/kitchen-dining/kitchen-storage/lunch-boxes,,,11201363,,,0
http://www.limeroad.com/home/kitchen-dining/kitchen-storage/racks-holders,,,11201372,,,0
http://www.limeroad.com/home/kitchen-dining/kitchen-storage/racks-holders/cutlery-racks,,,11201374,,,0
http://www.limeroad.com/home/kitchen-dining/kitchen-storage/racks-holders/pot-utensils-racks,,,11201375,,,0
http://www.limeroad.com/home/kitchen-dining/kitchen-storage/racks-holders/spice-racks,,,11201373,,,0
http://www.limeroad.com/home/kitchen-dining/kitchen-storage/racks-holders/toothpick-holders,,,11201376,,,0
http://www.limeroad.com/home/kitchen-dining/kitchen-storage/salt-pepper-shakers,,,11201362,,,0
http://www.limeroad.com/home/kitchen-dining/kitchen-storage/thermoware,,,11201361,,,107
http://www.limeroad.com/home/kitchen-dining/kitchen-tools,,,11201324,,,0
http://www.limeroad.com/home/kitchen-dining/kitchen-tools/choppers-graters-peelers,,,11201336,,,0
http://www.limeroad.com/home/kitchen-dining/kitchen-tools/colanders-strainers,,,11201338,,,0
http://www.limeroad.com/home/kitchen-dining/kitchen-tools/cutting-boards,,,11201337,,,0
http://www.limeroad.com/home/kitchen-dining/kitchen-tools/grill-tools,,,11201334,,,0
http://www.limeroad.com/home/kitchen-dining/kitchen-tools/knives,,,11201335,,,0
http://www.limeroad.com/home/kitchen-dining/kitchen-tools/mixing-bowls-measuring-cups,,,11201333,,,0
http://www.limeroad.com/home/kitchen-dining/kitchen-tools/non-stick-tools,,,11201332,,,0
http://www.limeroad.com/home/kitchen-dining/kitchen-tools/openers,,,11201327,,,0
http://www.limeroad.com/home/kitchen-dining/kitchen-tools/other-tools,,,11201339,,,0
http://www.limeroad.com/home/kitchen-dining/kitchen-tools/pourer-shakers-dispensers,,,11201330,,,0
http://www.limeroad.com/home/kitchen-dining/kitchen-tools/rolling-pins-belan-boards-chakla,,,11201329,,,0
http://www.limeroad.com/home/kitchen-dining/kitchen-tools/scissors,,,11201326,,,0
http://www.limeroad.com/home/kitchen-dining/kitchen-tools/silicon-tools,,,11201331,,,0
http://www.limeroad.com/home/kitchen-dining/kitchen-tools/tongs-ladles,,,11201328,,,0
http://www.limeroad.com/home/kitchen-dining/kitchen-tools/tool-sets,,,11201325,,,0
http://www.limeroad.com/home/kitchen-dining/table-linen,,,11201271,,,7
http://www.limeroad.com/home/kitchen-dining/table-linen/aprons-potholders,,,11201277,,,0
http://www.limeroad.com/home/kitchen-dining/table-linen/kitchen-towels,,,11201278,,,0
http://www.limeroad.com/home/kitchen-dining/table-linen/napkins,,,11201274,,,0
http://www.limeroad.com/home/kitchen-dining/table-linen/placecard-holders,,,11201276,,,0
http://www.limeroad.com/home/kitchen-dining/table-linen/placemats,,,11201272,,,1
http://www.limeroad.com/home/kitchen-dining/table-linen/table-cloths,,,11201273,,,4
http://www.limeroad.com/home/kitchen-dining/table-linen/table-runners,,,11201275,,,2
http://www.limeroad.com/home/kitchen-dining/tableware,,,11201341,,,355
http://www.limeroad.com/home/kitchen-dining/tableware/coasters-trivets,,,11201359,,,2
http://www.limeroad.com/home/kitchen-dining/tableware/cutlery,,,11201345,,,0
http://www.limeroad.com/home/kitchen-dining/tableware/cutlery/cutlery-sets,,,11201347,,,0
http://www.limeroad.com/home/kitchen-dining/tableware/cutlery/forks,,,11201348,,,0
http://www.limeroad.com/home/kitchen-dining/tableware/cutlery/spoons,,,11201349,,,0
http://www.limeroad.com/home/kitchen-dining/tableware/cutlery/table-knives,,,11201346,,,0
http://www.limeroad.com/home/kitchen-dining/tableware/dinner-sets,,,11201350,,,18
http://www.limeroad.com/home/kitchen-dining/tableware/loose-dinnerware,,,11201352,,,84
http://www.limeroad.com/home/kitchen-dining/tableware/loose-dinnerware/bowls,,,11201354,,,84
http://www.limeroad.com/home/kitchen-dining/tableware/loose-dinnerware/other-kitchen-essentials,,,11201353,,,0
http://www.limeroad.com/home/kitchen-dining/tableware/loose-dinnerware/plates,,,11201355,,,0
http://www.limeroad.com/home/kitchen-dining/tableware/serving-platters,,,11201356,,,31
http://www.limeroad.com/home/kitchen-dining/tableware/serving-sets,,,11201357,,,0
http://www.limeroad.com/home/kitchen-dining/tableware/table-accessories,,,11201342,,,110
http://www.limeroad.com/home/kitchen-dining/tableware/table-accessories/napkin-holders,,,11201344,,,0
http://www.limeroad.com/home/kitchen-dining/tableware/table-accessories/random,,,11201343,,,110
http://www.limeroad.com/home/kitchen-dining/tableware/table-baskets,,,11201351,,,0
http://www.limeroad.com/home/kitchen-dining/tableware/trays,,,11201358,,,110
http://www.limeroad.com/home/living-home-decor/accessories/key-rings,,,11201049,,,5565
http://www.limeroad.com/home/living-home-decor/accessories/key-rings,,,,Yes,,
http://www.limeroad.com/home/living-home-decor/accessories/knobs,,,11201048,,,5565
http://www.limeroad.com/home/living-home-decor/accessories/knobs,,,,Yes,,
http://www.limeroad.com/home/living-home-decor/accessories/other,,,11201050,,,5565
http://www.limeroad.com/home/living-home-decor/accessories/other,,,,Yes,,
http://www.limeroad.com/home/living-home-decor/accessories/tissue-box,,,11201047,,,5565
http://www.limeroad.com/home/living-home-decor/accessories/tissue-box,,,,Yes,,
http://www.limeroad.com/home/living-home-decor/candles-poutporri/candle-t-light-holders,,,11201064,,,5565
http://www.limeroad.com/home/living-home-decor/candles-poutporri/candle-t-light-holders,,,,Yes,,
http://www.limeroad.com/home/living-home-decor/candles-poutporri/candles,,,11201063,,,5565
http://www.limeroad.com/home/living-home-decor/candles-poutporri/candles,,,,Yes,,
http://www.limeroad.com/home/living-home-decor/candles-poutporri/fragrances-diffusers,,,11201065,,,5565
http://www.limeroad.com/home/living-home-decor/candles-poutporri/fragrances-diffusers,,,,Yes,,
http://www.limeroad.com/home/living-home-decor/candles-poutporri/potpourri,,,11201066,,,5565
http://www.limeroad.com/home/living-home-decor/candles-poutporri/potpourri,,,,Yes,,
http://www.limeroad.com/home/living-home-decor/curtains/curtain-accessories,,,11201054,,,5565
http://www.limeroad.com/home/living-home-decor/curtains/curtain-accessories,,,,Yes,,
http://www.limeroad.com/home/living-home-decor/curtains/door-curtains,,,11201052,,,5565
http://www.limeroad.com/home/living-home-decor/curtains/door-curtains,,,,Yes,,
http://www.limeroad.com/home/living-home-decor/curtains/window-curtains,,,11201053,,,5565
http://www.limeroad.com/home/living-home-decor/curtains/window-curtains,,,,Yes,,
http://www.limeroad.com/home/living-home-decor/decoratives,,,11201062,,,5565
http://www.limeroad.com/home/living-home-decor/decoratives,,,,Yes,,
http://www.limeroad.com/home/living-home-decor/photo-frames,,,11201060,,,5565
http://www.limeroad.com/home/living-home-decor/photo-frames,,,,Yes,,
http://www.limeroad.com/home/living-home-decor/religion-sprituality,,,11201061,,,5565
http://www.limeroad.com/home/living-home-decor/religion-sprituality,,,,Yes,,
http://www.limeroad.com/home/living-home-decor/vases,,,11201059,,,5565
http://www.limeroad.com/home/living-home-decor/vases,,,,Yes,,
http://www.limeroad.com/home/living-home-decor/wall-decor/art,,,11201051,,,5565
http://www.limeroad.com/home/living-home-decor/wall-decor/art,,,,Yes,,
http://www.limeroad.com/home/living-home-decor/wall-decor/decoratives-wall-hangings,,,11201056,,,5565
http://www.limeroad.com/home/living-home-decor/wall-decor/decoratives-wall-hangings,,,,Yes,,
http://www.limeroad.com/home/living-home-decor/wall-decor/paintings,,,11201058,,,5565
http://www.limeroad.com/home/living-home-decor/wall-decor/paintings,,,,Yes,,
http://www.limeroad.com/home/living-home-decor/wall-decor/posters,,,11201057,,,5565
http://www.limeroad.com/home/living-home-decor/wall-decor/posters,,,,Yes,,
http://www.limeroad.com/home/living-home-decor/wall-decor/wall-stickers,,,11201055,,,5565
http://www.limeroad.com/home/living-home-decor/wall-decor/wall-stickers,,,,Yes,,
http://www.limeroad.com/home/luggage-bags,,,11201237,,,0
http://www.limeroad.com/home/luggage-bags/backpacks,,,11201244,,,0
http://www.limeroad.com/home/luggage-bags/backpacks/laptop-backpacks,,,11201246,,,0
http://www.limeroad.com/home/luggage-bags/backpacks/messenger-bags,,,11201249,,,0
http://www.limeroad.com/home/luggage-bags/backpacks/rucksacks,,,11201245,,,0
http://www.limeroad.com/home/luggage-bags/backpacks/school-bags,,,11201247,,,0
http://www.limeroad.com/home/luggage-bags/backpacks/travel-backpacks,,,11201248,,,0
http://www.limeroad.com/home/luggage-bags/business-bags,,,11201257,,,0
http://www.limeroad.com/home/luggage-bags/business-bags/briefcases,,,11201260,,,0
http://www.limeroad.com/home/luggage-bags/business-bags/laptop-bags,,,11201258,,,0
http://www.limeroad.com/home/luggage-bags/business-bags/over-nighter-bags,,,11201259,,,0
http://www.limeroad.com/home/luggage-bags/cases-sleeves,,,11201266,,,0
http://www.limeroad.com/home/luggage-bags/cases-sleeves/laptop-tablet-sleeves,,,11201267,,,0
http://www.limeroad.com/home/luggage-bags/cases-sleeves/mobile-cases,,,11201268,,,0
http://www.limeroad.com/home/luggage-bags/duffles-sports-bags,,,11201261,,,0
http://www.limeroad.com/home/luggage-bags/duffles-sports-bags/all-purpose-duffle,,,11201264,,,0
http://www.limeroad.com/home/luggage-bags/duffles-sports-bags/hiking-packs,,,11201265,,,0
http://www.limeroad.com/home/luggage-bags/duffles-sports-bags/sports-duffle,,,11201263,,,0
http://www.limeroad.com/home/luggage-bags/duffles-sports-bags/travel-duffle,,,11201262,,,0
http://www.limeroad.com/home/luggage-bags/handbags,,,11201238,,,0
http://www.limeroad.com/home/luggage-bags/handbags/clutches,,,11201242,,,0
http://www.limeroad.com/home/luggage-bags/handbags/leather-bags,,,11201241,,,0
http://www.limeroad.com/home/luggage-bags/handbags/sling-bags,,,11201239,,,0
http://www.limeroad.com/home/luggage-bags/handbags/tote-bags,,,11201240,,,0
http://www.limeroad.com/home/luggage-bags/handbags/wallets,,,11201243,,,0
http://www.limeroad.com/home/luggage-bags/luggage,,,11201250,,,0
http://www.limeroad.com/home/luggage-bags/luggage/duffle-bags,,,11201252,,,0
http://www.limeroad.com/home/luggage-bags/luggage/hard-sided,,,11201253,,,0
http://www.limeroad.com/home/luggage-bags/luggage/set-of-3,,,11201255,,,0
http://www.limeroad.com/home/luggage-bags/luggage/soft-sided,,,11201254,,,0
http://www.limeroad.com/home/luggage-bags/luggage/trolley-bags,,,11201251,,,0
http://www.limeroad.com/home/luggage-bags/travel-accessories,,,11201256,,,0
http://www.limeroad.com/home/table-linen-accessories,,,11201067,,,8274
http://www.limeroad.com/home/table-linen-accessories,,,,Yes,,
http://www.limeroad.com/home/table-linen-accessories/coasters,,,11201075,,,8274
http://www.limeroad.com/home/table-linen-accessories/coasters,,,,Yes,,
http://www.limeroad.com/home/table-linen-accessories/napkins-napkin-rings,,,11201078,,,8274
http://www.limeroad.com/home/table-linen-accessories/napkins-napkin-rings,,,,Yes,,
http://www.limeroad.com/home/table-linen-accessories/runners,,,11201077,,,8274
http://www.limeroad.com/home/table-linen-accessories/runners,,,,Yes,,
http://www.limeroad.com/home/table-linen-accessories/sets,,,11201076,,,8274
http://www.limeroad.com/home/table-linen-accessories/sets,,,,Yes,,
http://www.limeroad.com/home/table-linen-accessories/table-cloth,,,11201079,,,8274
http://www.limeroad.com/home/table-linen-accessories/table-cloth,,,,Yes,,
http://www.limeroad.com/home/table-linen-accessories/table-mats,,,11201074,,,8274
http://www.limeroad.com/home/table-linen-accessories/table-mats,,,,Yes,,
http://www.limeroad.com/home/work-nook/office-accessories,,,11201070,,,8274
http://www.limeroad.com/home/work-nook/office-accessories,,,,Yes,,
